Municipio,Ano,Populacao_Total,Percentual_Negra,Presos_Totais,Presos_Negros,Tipo_de_Prisao,Proporcao_Presos_Negros,Diferenca
Rio de Janeiro,2023,6750000,0.51,30000,18000,Condenado,0.6,0.08999999999999997
Duque de Caxias,2023,900000,0.62,3200,2240,Provisório,0.7,0.07999999999999996
Nova Iguaçu,2023,820000,0.59,2800,1904,Provisório,0.68,0.09000000000000008
São Gonçalo,2023,1100000,0.57,3500,2275,Condenado,0.65,0.08000000000000007
Niterói,2023,500000,0.45,1900,950,Provisório,0.5,0.04999999999999999
